,AlleleID,Type,GeneID,GeneSymbol,HGNC_ID,Chromosome,Start,Stop,ReferenceAllele,AlternateAllele,Strand,Spacer,PBS,RT,EditToNickDistance,sgRNASpacer,NickToNickDistance,PAM
0,929884,single nucleotide variant,148398,SAMD11,28706,1,943995,943995,C,T,+,CTACGTGGCCAGCTTCCCCG,GGAAGCTGGCC,CTGCTCTCCTGTGCCGAGTTCTCACTCCGGGGCCCGCAGGGTTGGTGGCTGCAGTGGCAGAGCCACGG,45,CCTGTGCCGAGTTCTCACTC,44,NGG
1,929884,single nucleotide variant,148398,SAMD11,28706,1,943995,943995,C,T,+,CTACGTGGCCAGCTTCCCCG,GGAAGCTGGCC,TGCTCTCCTGTGCCGAGTTCTCACTCCGGGGCCCGCAGGGTTGGTGGCTGCAGTGGCAGAGCCACGG,45,CCTGTGCCGAGTTCTCACTC,44,NGG
2,929884,single nucleotide variant,148398,SAMD11,28706,1,943995,943995,C,T,+,GCCACCAACCCTGCGGGCCC,CCCGCAGGG,TTCTCACTCCGGGG,9,CCTGTGCCGAGTTCTCACTC,8,NGG
3,929884,single nucleotide variant,148398,SAMD11,28706,1,943995,943995,C,T,+,CTACGTGGCCAGCTTCCCCG,GGAAGCTGGCC,GCTCTCCTGTGCCGAGTTCTCACTCCGGGGCCCGCAGGGTTGGTGGCTGCAGTGGCAGAGCCACGG,45,CCTGTGCCGAGTTCTCACTC,44,NGG
4,929884,single nucleotide variant,148398,SAMD11,28706,1,943995,943995,C,T,+,CTACGTGGCCAGCTTCCCCG,GGAAGCTGGCC,TTCTCACTCCGGGGCCCGCAGGGTTGGTGGCTGCAGTGGCAGAGCCACGG,45,CCTGTGCCGAGTTCTCACTC,44,NGG
5,929884,single nucleotide variant,148398,SAMD11,28706,1,943995,943995,C,T,+,GCCACCAACCCTGCGGGCCC,CCCGCAGG,TTCTCACTCCGGGG,9,CCTGTGCCGAGTTCTCACTC,8,NGG
6,929884,single nucleotide variant,148398,SAMD11,28706,1,943995,943995,C,T,+,CTACGTGGCCAGCTTCCCCG,GGAAGCTGGCC,GTTCTCACTCCGGGGCCCGCAGGGTTGGTGGCTGCAGTGGCAGAGCCACGG,45,CCTGTGCCGAGTTCTCACTC,44,NGG
7,929884,single nucleotide variant,148398,SAMD11,28706,1,943995,943995,C,T,+,CTACGTGGCCAGCTTCCCCG,GGAAGCTGGCCA,CTGCTCTCCTGTGCCGAGTTCTCACTCCGGGGCCCGCAGGGTTGGTGGCTGCAGTGGCAGAGCCACGG,45,CCTGTGCCGAGTTCTCACTC,44,NGG
8,929884,single nucleotide variant,148398,SAMD11,28706,1,943995,943995,C,T,+,CTACGTGGCCAGCTTCCCCG,GGAAGCTGGCC,CTCTCCTGTGCCGAGTTCTCACTCCGGGGCCCGCAGGGTTGGTGGCTGCAGTGGCAGAGCCACGG,45,CCTGTGCCGAGTTCTCACTC,44,NGG
9,929884,single nucleotide variant,148398,SAMD11,28706,1,943995,943995,C,T,+,CTACGTGGCCAGCTTCCCCG,GGAAGCTGGCC,AGTTCTCACTCCGGGGCCCGCAGGGTTGGTGGCTGCAGTGGCAGAGCCACGG,45,CCTGTGCCGAGTTCTCACTC,44,NGG
