,id,AlleleID,Type,GeneID,GeneSymbol,HGNC_ID,Chromosome,Start,Stop,ReferenceAllele,AlternateAllele,Spacer,PBS,RT,EditToNickDistance,sgRNASpacer,NickToNickDistance,PAM,time
0,7201,929884,single nucleotide variant,148398,SAMD11,28706,1,943995,943995,C,T,CTACGTGGCCAGCTTCCCCG,GGAAGCTGGCC,CTGCTCTCCTGTGCCGAGTTCTCACTCCGGGGCCCGCAGGGTTGGTGGCTGCAGTGGCAGAGCCACGG,45,,,NGG,20220524123410
1,7202,929884,single nucleotide variant,148398,SAMD11,28706,1,943995,943995,C,T,CTACGTGGCCAGCTTCCCCG,GGAAGCTGGCC,TGCTCTCCTGTGCCGAGTTCTCACTCCGGGGCCCGCAGGGTTGGTGGCTGCAGTGGCAGAGCCACGG,45,,,NGG,20220524123410
2,7203,929884,single nucleotide variant,148398,SAMD11,28706,1,943995,943995,C,T,GCCACCAACCCTGCGGGCCC,CCCGCAGGG,TTCTCACTCCGGGG,9,,,NGG,20220524123410
3,7204,929884,single nucleotide variant,148398,SAMD11,28706,1,943995,943995,C,T,CTACGTGGCCAGCTTCCCCG,GGAAGCTGGCC,GCTCTCCTGTGCCGAGTTCTCACTCCGGGGCCCGCAGGGTTGGTGGCTGCAGTGGCAGAGCCACGG,45,,,NGG,20220524123410
4,7205,929884,single nucleotide variant,148398,SAMD11,28706,1,943995,943995,C,T,CTACGTGGCCAGCTTCCCCG,GGAAGCTGGCC,TTCTCACTCCGGGGCCCGCAGGGTTGGTGGCTGCAGTGGCAGAGCCACGG,45,,,NGG,20220524123410
5,7206,929884,single nucleotide variant,148398,SAMD11,28706,1,943995,943995,C,T,GCCACCAACCCTGCGGGCCC,CCCGCAGG,TTCTCACTCCGGGG,9,,,NGG,20220524123410
6,7207,929884,single nucleotide variant,148398,SAMD11,28706,1,943995,943995,C,T,CTACGTGGCCAGCTTCCCCG,GGAAGCTGGCC,GTTCTCACTCCGGGGCCCGCAGGGTTGGTGGCTGCAGTGGCAGAGCCACGG,45,,,NGG,20220524123410
7,7208,929884,single nucleotide variant,148398,SAMD11,28706,1,943995,943995,C,T,CTACGTGGCCAGCTTCCCCG,GGAAGCTGGCCA,CTGCTCTCCTGTGCCGAGTTCTCACTCCGGGGCCCGCAGGGTTGGTGGCTGCAGTGGCAGAGCCACGG,45,,,NGG,20220524123410
8,7209,929884,single nucleotide variant,148398,SAMD11,28706,1,943995,943995,C,T,CTACGTGGCCAGCTTCCCCG,GGAAGCTGGCC,CTCTCCTGTGCCGAGTTCTCACTCCGGGGCCCGCAGGGTTGGTGGCTGCAGTGGCAGAGCCACGG,45,,,NGG,20220524123410
9,7210,929884,single nucleotide variant,148398,SAMD11,28706,1,943995,943995,C,T,CTACGTGGCCAGCTTCCCCG,GGAAGCTGGCC,AGTTCTCACTCCGGGGCCCGCAGGGTTGGTGGCTGCAGTGGCAGAGCCACGG,45,,,NGG,20220524123410
